timestamp,unix_ts,node_id,condition,temp,feels_like,humidity,pressure,wind_speed,visibility,battery_level,signal_strength,latency_ms,packet_loss_rate,seq_num
Tue May 12 13:36:22 2026,1778573182.474907,Bangalore,Clouds,33.17,33.23,36,1006,11.18,8000,100.00,-57.86,497.96,0.0,1
Tue May 12 13:49:10 2026,1778573950.985097,Bangalore,Clouds,32.93,33.07,37,1007,3.6,8000,100.00,-61.6,766.93,5.13,40
Tue May 12 13:50:14 2026,1778574014.0171957,Bangalore,Clouds,32.93,33.07,37,1007,3.6,8000,98.88,-59.79,600.29,4.65,44
Tue May 12 13:51:13 2026,1778574073.2460988,Bangalore,Clouds,32.93,33.07,37,1007,3.6,8000,97.89,-58.49,323.96,4.35,47
Tue May 12 13:52:13 2026,1778574133.809494,Bangalore,Clouds,32.93,33.07,37,1007,3.6,8000,96.79,-61.3,90.72,4.0,51
Tue May 12 13:53:14 2026,1778574194.0571303,Bangalore,Clouds,32.93,33.07,37,1007,3.6,8000,95.68,-58.84,107.34,3.7,55
Tue May 12 13:54:16 2026,1778574256.164914,Bangalore,Clouds,32.93,33.07,37,1007,3.6,8000,94.57,-60.79,416.16,3.45,59
Tue May 12 13:55:15 2026,1778574315.441985,Bangalore,Clouds,32.93,33.07,37,1007,3.6,8000,93.58,-55.68,257.05,3.28,62
Tue May 12 13:56:17 2026,1778574377.1452725,Bangalore,Clouds,32.93,33.07,37,1007,3.6,8000,92.47,-59.06,781.59,3.08,66
Tue May 12 13:57:17 2026,1778574437.5711167,Bangalore,Clouds,32.93,33.07,37,1007,3.6,8000,91.37,-59.46,678.8,2.9,70
Tue May 12 13:58:17 2026,1778574497.8001485,Bangalore,Clouds,33.29,33.4,36,1007,12.52,8000,90.27,-62.82,478.24,2.74,74
Tue May 12 13:59:33 2026,1778574573.6355896,Bangalore,Clouds,33.29,33.4,36,1007,12.52,8000,89.09,-60.94,466.14,3.9,78
Tue May 12 14:08:07 2026,1778575087.381951,Bangalore,Clouds,32.87,32.98,37,1004,5.66,8000,83.52,-61.5,357.47,4.85,104
Tue May 12 14:09:00 2026,1778575140.8289185,Bangalore,Clouds,32.87,32.98,37,1004,5.66,8000,82.55,-61.82,296.53,4.72,107
Tue May 12 14:09:57 2026,1778575197.7122006,Bangalore,Clouds,32.87,32.98,37,1004,5.66,8000,81.57,-60.19,558.83,4.59,110
Tue May 12 14:11:01 2026,1778575261.5220785,Bangalore,Clouds,32.87,32.98,37,1004,5.66,8000,80.45,-59.2,266.62,4.42,114
Tue May 12 14:12:01 2026,1778575321.3748224,Bangalore,Clouds,32.87,32.98,37,1004,5.66,8000,79.45,-57.44,651.99,5.17,117
Tue May 12 14:14:01 2026,1778575441.9091165,Bangalore,Clouds,32.87,32.98,37,1004,5.66,8000,77.75,-64.46,316.44,4.88,124
Tue May 12 14:15:01 2026,1778575501.7870708,Bangalore,Clouds,32.87,32.98,37,1004,5.66,8000,76.75,-57.06,190.65,4.76,127
Tue May 12 14:16:01 2026,1778575561.3331542,Bangalore,Clouds,32.87,32.98,37,1004,5.66,8000,75.75,-59.15,149.16,4.65,130
Tue May 12 14:17:00 2026,1778575620.9156594,Bangalore,Clouds,32.87,32.98,37,1004,5.66,8000,74.75,-57.72,89.2,4.55,133
Tue May 12 14:18:01 2026,1778575681.6536193,Bangalore,Clouds,32.87,32.98,37,1004,5.66,8000,73.65,-58.83,176.6,5.15,137
Tue May 12 14:19:03 2026,1778575743.6616096,Bangalore,Clouds,33.54,33.57,35,1004,12.52,8000,72.54,-59.26,382.39,5.0,141
Tue May 12 14:20:03 2026,1778575803.0547793,Bangalore,Clouds,33.54,33.57,35,1004,12.52,8000,71.54,-64.14,111.13,5.59,144
Tue May 12 14:21:03 2026,1778575863.0879135,Bangalore,Clouds,33.54,33.57,35,1004,12.52,8000,70.44,-61.34,791.41,5.44,148
Tue May 12 14:22:04 2026,1778575924.3272803,Bangalore,Clouds,33.54,33.57,35,1004,12.52,8000,69.33,-61.4,358.07,5.3,152
Tue May 12 14:23:03 2026,1778575983.711048,Bangalore,Clouds,33.54,33.57,35,1004,12.52,8000,68.34,-60.35,722.44,5.19,155
Tue May 12 14:24:03 2026,1778576043.9496756,Bangalore,Clouds,33.54,33.57,35,1004,12.52,8000,67.24,-60.16,475.42,5.7,159
Tue May 12 14:25:04 2026,1778576104.3707542,Bangalore,Clouds,33.54,33.57,35,1004,12.52,8000,66.13,-60.12,379.73,5.56,163
Tue May 12 14:26:05 2026,1778576165.43603,Bangalore,Clouds,33.54,33.57,35,1004,12.52,8000,65.03,-61.43,797.46,5.42,167
Tue May 12 14:27:06 2026,1778576226.7147825,Bangalore,Clouds,33.54,33.57,35,1004,12.52,8000,63.92,-64.93,713.79,5.29,171
Tue May 12 14:28:06 2026,1778576286.7272103,Bangalore,Clouds,33.54,33.57,35,1004,12.52,8000,62.82,-57.79,586.57,5.17,175
Tue May 12 14:29:06 2026,1778576346.7741575,Bangalore,Clouds,33.36,33.51,36,1004,12.96,8000,61.72,-64.4,741.66,5.06,179
Tue May 12 14:30:06 2026,1778576406.6925526,Bangalore,Clouds,33.36,33.51,36,1004,12.96,8000,60.72,-66.0,900.92,4.97,182
Tue May 12 15:02:17 2026,1778578337.3365884,Bangalore,Clouds,33.47,33.87,37,1005,13.41,8000,100.00,-61.19,419.93,6.19,98
Tue May 12 15:04:18 2026,1778578458.5063105,Bangalore,Clouds,33.47,33.87,37,1005,13.41,8000,98.29,-60.36,549.28,6.73,105
Tue May 12 15:05:18 2026,1778578518.3112717,Bangalore,Clouds,33.47,33.87,37,1005,13.41,8000,97.30,-56.22,64.86,6.54,108
Tue May 12 15:06:18 2026,1778578578.8377993,Bangalore,Clouds,33.47,33.87,37,1005,13.41,8000,96.19,-58.79,615.17,6.31,112
Tue May 12 15:07:19 2026,1778578639.6254437,Bangalore,Clouds,33.47,33.87,37,1005,13.41,8000,95.09,-63.54,587.8,6.09,116
Tue May 12 15:08:21 2026,1778578701.1154718,Bangalore,Clouds,33.47,33.87,37,1005,13.41,8000,93.98,-65.14,397.86,6.72,120
Tue May 12 15:09:20 2026,1778578760.5706272,Bangalore,Clouds,33.47,33.87,37,1005,13.41,8000,92.98,-62.04,558.73,6.56,123
Tue May 12 15:10:23 2026,1778578823.0361228,Bangalore,Clouds,33.42,33.8,37,1003,13.41,10000,91.87,-59.45,725.66,6.35,127
Tue May 12 15:11:25 2026,1778578885.856722,Bangalore,Clouds,33.42,33.8,37,1003,13.41,10000,90.76,-62.39,148.49,6.15,131
Tue May 12 15:12:25 2026,1778578945.985917,Bangalore,Clouds,33.42,33.8,37,1003,13.41,10000,89.66,-61.35,734.38,5.97,135
Tue May 12 15:15:36 2026,1778579136.5819457,Bangalore,Clouds,33.42,33.8,37,1003,13.41,10000,87.30,-64.45,809.76,5.56,145
Tue May 12 15:16:28 2026,1778579188.2761054,Bangalore,Clouds,33.42,33.8,37,1003,13.41,10000,86.35,-56.19,613.52,5.44,148
Tue May 12 15:17:24 2026,1778579244.880692,Bangalore,Clouds,33.42,33.8,37,1003,13.41,10000,85.36,-63.67,171.52,5.33,151
Tue May 12 15:18:24 2026,1778579304.9544525,Bangalore,Clouds,33.42,33.8,37,1003,13.41,10000,84.26,-57.11,784.6,5.19,155
Tue May 12 15:19:25 2026,1778579365.3708067,Bangalore,Clouds,33.42,33.8,37,1003,13.41,10000,83.16,-57.72,303.24,5.06,159
Tue May 12 15:20:26 2026,1778579426.2102344,Bangalore,Clouds,32.78,33.04,38,1003,13.41,10000,82.06,-58.04,213.38,4.94,163
Tue May 12 15:21:27 2026,1778579487.912831,Bangalore,Clouds,32.78,33.04,38,1003,13.41,10000,80.95,-62.64,667.27,4.82,167
Tue May 12 15:22:27 2026,1778579547.0910552,Bangalore,Clouds,32.78,33.04,38,1003,13.41,10000,79.95,-57.73,510.95,4.73,170
Tue May 12 15:23:28 2026,1778579608.2319708,Bangalore,Clouds,32.78,33.04,38,1003,13.41,10000,78.85,-60.2,152.05,4.62,174
Tue May 12 15:24:28 2026,1778579668.610202,Bangalore,Clouds,32.78,33.04,38,1003,13.41,10000,77.74,-60.77,283.89,4.52,178
Tue May 12 15:25:51 2026,1778579751.0326576,Bangalore,Clouds,32.78,33.04,38,1003,13.41,10000,76.43,-62.4,522.06,4.4,183
Tue May 12 15:26:29 2026,1778579789.151814,Bangalore,Clouds,32.78,33.04,38,1003,13.41,10000,75.64,-59.81,165.97,4.35,185
Tue May 12 15:27:38 2026,1778579858.0577753,Bangalore,Clouds,32.78,33.04,38,1003,13.41,10000,74.50,-57.76,220.51,4.26,189
Tue May 12 15:28:30 2026,1778579910.0217867,Bangalore,Clouds,32.78,33.04,38,1003,13.41,10000,73.54,-55.99,102.07,4.19,192
Tue May 12 15:29:31 2026,1778579971.890525,Bangalore,Clouds,32.78,33.04,38,1003,13.41,10000,72.43,-58.13,366.9,4.1,196
Tue May 12 15:30:31 2026,1778580031.5444236,Bangalore,Clouds,32.82,33.1,38,1003,13.41,10000,71.43,-61.55,231.25,4.04,199
Tue May 12 15:31:36 2026,1778580096.3799803,Bangalore,Clouds,32.82,33.1,38,1003,13.41,10000,70.30,-61.68,904.05,3.96,203
Tue May 12 15:32:32 2026,1778580152.049702,Bangalore,Clouds,32.82,33.1,38,1003,13.41,10000,69.33,-63.73,392.36,3.9,206
Tue May 12 15:33:35 2026,1778580215.6270905,Bangalore,Clouds,32.82,33.1,38,1003,13.41,10000,68.21,-64.14,535.15,3.83,210
Tue May 12 15:34:33 2026,1778580273.1882942,Bangalore,Clouds,32.82,33.1,38,1003,13.41,10000,67.22,-59.66,593.57,4.25,213
Tue May 12 15:35:35 2026,1778580335.8156755,Bangalore,Clouds,32.82,33.1,38,1003,13.41,10000,66.11,-53.93,668.11,4.17,217
Tue May 12 15:36:37 2026,1778580397.7298515,Bangalore,Clouds,32.82,33.1,38,1003,13.41,10000,65.00,-59.14,630.08,4.09,221
Tue May 12 15:37:37 2026,1778580457.2595353,Bangalore,Clouds,32.82,33.1,38,1003,13.41,10000,64.00,-63.63,416.78,4.04,224
Tue May 12 15:38:37 2026,1778580517.717178,Bangalore,Clouds,32.82,33.1,38,1003,13.41,10000,62.90,-65.09,760.69,3.96,228
Tue May 12 15:39:39 2026,1778580579.042711,Bangalore,Clouds,32.82,33.1,38,1004,13.41,10000,61.79,-64.52,790.37,3.9,232
Tue May 12 15:40:38 2026,1778580638.9181955,Bangalore,Clouds,32.82,33.1,38,1004,13.41,10000,60.79,-58.02,564.03,3.85,235
Tue May 12 15:41:39 2026,1778580699.4028592,Bangalore,Clouds,32.82,33.1,38,1004,13.41,10000,59.69,-61.45,649.19,3.78,239
Tue May 12 15:42:38 2026,1778580758.452836,Bangalore,Clouds,32.82,33.1,38,1004,13.41,10000,58.69,-58.44,324.98,4.15,242
Tue May 12 15:44:39 2026,1778580879.998606,Bangalore,Clouds,32.82,33.1,38,1004,13.41,10000,56.99,-61.13,732.73,4.03,249
Tue May 12 15:45:40 2026,1778580940.425306,Bangalore,Clouds,32.82,33.1,38,1004,13.41,10000,55.88,-61.12,263.68,3.97,253
Tue May 12 15:46:39 2026,1778580999.8491344,Bangalore,Clouds,32.82,33.1,38,1004,13.41,10000,54.89,-64.87,109.41,3.92,256
Tue May 12 15:47:40 2026,1778581060.9865658,Bangalore,Clouds,32.82,33.1,38,1004,13.41,10000,53.78,-60.24,437.53,3.86,260
Tue May 12 15:48:41 2026,1778581121.5170712,Bangalore,Clouds,32.82,33.1,38,1004,13.41,10000,52.68,-52.34,1332.02,4.18,264
Tue May 12 15:49:42 2026,1778581182.716466,Bangalore,Clouds,33.05,33.25,37,1003,13.41,8000,51.57,-61.29,302.74,4.49,268
Tue May 12 15:50:42 2026,1778581242.753649,Bangalore,Clouds,33.05,33.25,37,1003,13.41,8000,50.47,-61.69,413.64,4.43,272
Tue May 12 15:51:43 2026,1778581303.2438226,Bangalore,Clouds,33.05,33.25,37,1003,13.41,8000,49.37,-56.29,307.09,4.36,276
Tue May 12 15:52:42 2026,1778581362.985653,Bangalore,Clouds,33.05,33.25,37,1003,13.41,8000,48.37,-64.26,509.58,4.32,279
Tue May 12 15:53:42 2026,1778581422.259248,Bangalore,Clouds,33.05,33.25,37,1003,13.41,8000,47.38,-58.83,360.07,4.27,282
Tue May 12 15:54:43 2026,1778581483.3828506,Bangalore,Clouds,33.05,33.25,37,1003,13.41,8000,46.27,-55.87,293.01,4.21,286
Tue May 12 15:55:44 2026,1778581544.0068042,Bangalore,Clouds,33.05,33.25,37,1003,13.41,8000,45.17,-56.25,676.56,4.15,290
Tue May 12 15:56:43 2026,1778581603.9271178,Bangalore,Clouds,33.05,33.25,37,1003,13.41,8000,44.17,-64.01,845.66,4.11,293
Tue May 12 15:57:45 2026,1778581665.3134131,Bangalore,Clouds,33.05,33.25,37,1003,13.41,8000,43.06,-62.35,612.52,4.05,297
Tue May 12 15:58:45 2026,1778581725.5531237,Bangalore,Clouds,33.05,33.25,37,1003,13.41,8000,41.96,-61.77,464.19,4.0,301
Tue May 12 15:59:45 2026,1778581785.5084562,Bangalore,Clouds,33.07,33.27,37,1003,13.41,8000,40.96,-60.88,649.32,3.96,304
Tue May 12 16:00:47 2026,1778581847.992985,Bangalore,Clouds,33.07,33.27,37,1003,13.41,8000,39.85,-57.32,262.16,3.91,308
Tue May 12 16:01:52 2026,1778581912.7203646,Bangalore,Clouds,33.07,33.27,37,1003,13.41,8000,38.72,-61.24,207.37,4.18,312
Tue May 12 16:02:47 2026,1778581967.9843862,Bangalore,Clouds,33.07,33.27,37,1003,13.41,8000,37.75,-64.32,568.17,4.46,315
Tue May 12 16:04:48 2026,1778582088.996374,Bangalore,Clouds,33.07,33.27,37,1003,13.41,8000,36.04,-55.08,89.89,4.36,322
Tue May 12 16:05:50 2026,1778582150.1947274,Bangalore,Clouds,33.07,33.27,37,1003,13.41,8000,34.94,-52.04,130.71,4.31,326
Tue May 12 16:06:50 2026,1778582210.4707706,Bangalore,Clouds,33.07,33.27,37,1003,13.41,8000,33.83,-59.56,1407.72,4.26,330
Tue May 12 16:07:50 2026,1778582270.9966068,Bangalore,Clouds,33.07,33.27,37,1003,13.41,8000,32.73,-60.19,373.58,4.2,334
Tue May 12 16:08:50 2026,1778582330.433174,Bangalore,Clouds,33.07,33.27,37,1003,13.41,8000,31.73,-56.7,364.15,4.17,337
Tue May 12 16:09:51 2026,1778582391.6895075,Bangalore,Clouds,33.13,33.36,37,1004,13.41,8000,30.63,-56.67,305.98,4.41,341
Tue May 12 16:10:52 2026,1778582452.138085,Bangalore,Clouds,33.13,33.36,37,1004,13.41,8000,29.53,-58.19,724.04,4.36,345
Tue May 12 16:11:51 2026,1778582511.4136455,Bangalore,Clouds,33.13,33.36,37,1004,13.41,8000,28.53,-60.28,674.19,4.32,348
Tue May 12 16:12:53 2026,1778582573.4368334,Bangalore,Clouds,33.13,33.36,37,1004,13.41,8000,27.42,-58.68,733.81,4.27,352
Tue May 12 16:13:53 2026,1778582633.2040925,Bangalore,Clouds,33.13,33.36,37,1004,13.41,8000,26.42,-58.38,446.69,4.52,355
Tue May 12 16:14:53 2026,1778582693.573352,Bangalore,Clouds,33.13,33.36,37,1004,13.41,8000,25.32,-55.54,332.14,4.47,359
Tue May 12 16:15:54 2026,1778582754.6871302,Bangalore,Clouds,33.13,33.36,37,1004,13.41,8000,24.21,-60.4,449.19,4.7,363
Tue May 12 16:16:53 2026,1778582813.5561252,Bangalore,Clouds,33.13,33.36,37,1004,13.41,8000,23.22,-63.07,58.94,4.66,366
Tue May 12 16:17:56 2026,1778582876.2782674,Bangalore,Clouds,33.13,33.36,37,1004,13.41,8000,22.11,-58.28,83.29,4.61,370
Tue May 12 16:18:56 2026,1778582936.4939902,Bangalore,Clouds,33.13,33.36,37,1004,13.41,8000,21.00,-58.13,546.56,4.56,374
Tue May 12 16:19:59 2026,1778582999.6519268,Bangalore,Clouds,33.1,33.32,37,1004,13.41,8000,19.89,-62.05,590.11,4.51,378
Tue May 12 16:20:58 2026,1778583058.8191109,Bangalore,Clouds,33.1,33.32,37,1004,13.41,8000,18.89,-59.21,773.29,4.47,381
Tue May 12 16:21:58 2026,1778583118.46427,Bangalore,Clouds,33.1,33.32,37,1004,13.41,8000,17.89,-67.25,619.33,4.44,384
Tue May 12 16:22:58 2026,1778583178.0513318,Bangalore,Clouds,33.1,33.32,37,1004,13.41,8000,16.90,-59.01,287.87,4.4,387
Tue May 12 16:23:59 2026,1778583239.1305563,Bangalore,Clouds,33.08,33.49,38,1003,13.41,8000,15.79,-59.55,508.76,4.36,391
Tue May 12 16:25:59 2026,1778583359.6270368,Bangalore,Clouds,33.08,33.49,38,1003,13.41,8000,14.09,-57.73,402.35,4.28,398
Tue May 12 16:27:00 2026,1778583420.8188243,Bangalore,Clouds,33.08,33.49,38,1003,13.41,8000,12.98,-61.7,592.65,4.24,402
Tue May 12 16:28:01 2026,1778583481.8514526,Bangalore,Clouds,33.08,33.49,38,1003,13.41,8000,11.88,-57.55,355.58,4.2,406
Tue May 12 16:29:08 2026,1778583548.0428803,Bangalore,Clouds,33.08,33.49,38,1003,13.41,8000,10.75,-60.79,1280.46,4.16,410
Tue May 12 16:30:01 2026,1778583601.7565663,Bangalore,Clouds,33.08,33.49,38,1003,13.41,8000,9.78,-57.13,648.03,4.13,413
Tue May 12 16:31:01 2026,1778583661.9362252,Bangalore,Clouds,33.08,33.49,38,1003,13.41,8000,8.68,-57.22,112.55,4.09,417
Tue May 12 16:32:03 2026,1778583723.0588627,Bangalore,Clouds,33.08,33.49,38,1003,13.41,8000,7.57,-61.25,264.03,4.05,421
Tue May 12 16:33:02 2026,1778583782.9110217,Bangalore,Clouds,33.09,33.3,37,1003,13.41,8000,6.57,-56.81,566.65,4.26,424
Tue May 12 16:34:02 2026,1778583842.9783492,Bangalore,Clouds,33.09,33.3,37,1003,13.41,8000,5.47,-60.12,528.54,4.22,428
Tue May 12 16:35:04 2026,1778583904.4142618,Bangalore,Clouds,33.09,33.3,37,1003,13.41,8000,4.36,-56.7,335.54,4.18,432
Tue May 12 16:36:04 2026,1778583964.5124032,Bangalore,Clouds,33.09,33.3,37,1003,13.41,8000,3.26,-57.67,641.16,4.14,436
Tue May 12 16:37:04 2026,1778584024.84149,Bangalore,Clouds,33.09,33.3,37,1003,13.41,8000,2.16,-58.43,395.77,4.1,440
Tue May 12 16:38:06 2026,1778584086.1688285,Bangalore,Clouds,33.09,33.3,37,1003,13.41,8000,1.06,-64.9,768.09,4.06,444
Tue May 12 16:39:05 2026,1778584145.3785214,Bangalore,Clouds,33.09,33.3,37,1003,13.41,8000,0.06,-64.98,432.74,4.04,447
Tue May 12 16:40:07 2026,1778584207.2311518,Bangalore,Clouds,33.01,33.38,38,1005,13.41,8000,100.00,-58.0,439.86,4.0,451
Tue May 12 16:41:05 2026,1778584265.5154183,Bangalore,Clouds,33.01,33.38,38,1005,13.41,8000,99.01,-55.24,486.11,3.97,454
Tue May 12 16:42:06 2026,1778584326.1369631,Bangalore,Clouds,33.01,33.38,38,1005,13.41,8000,97.91,-58.96,139.38,3.94,458
Tue May 12 16:43:07 2026,1778584387.7768402,Bangalore,Clouds,33.01,33.38,38,1005,13.41,8000,96.80,-58.95,594.74,3.9,462
Tue May 12 16:44:08 2026,1778584448.602535,Bangalore,Clouds,33.01,33.38,38,1005,13.41,8000,95.69,-60.68,564.14,3.87,466
Tue May 12 16:45:09 2026,1778584509.9016297,Bangalore,Clouds,33.01,33.38,38,1005,13.41,8000,94.59,-61.58,229.13,3.84,470
Tue May 12 16:46:08 2026,1778584568.9708247,Bangalore,Clouds,33.01,33.38,38,1005,13.41,8000,93.59,-60.4,471.74,3.81,473
Tue May 12 16:47:09 2026,1778584629.880798,Bangalore,Clouds,33.01,33.38,38,1005,13.41,8000,92.49,-64.79,255.47,3.78,477
Tue May 12 16:48:10 2026,1778584690.4011264,Bangalore,Clouds,33.01,33.38,38,1005,13.41,8000,91.38,-60.43,538.41,3.75,481
Tue May 12 16:49:11 2026,1778584751.819433,Bangalore,Clouds,33.01,33.38,38,1005,13.41,8000,90.28,-60.6,460.71,3.72,485
Tue May 12 16:50:11 2026,1778584811.6727598,Bangalore,Clouds,33.03,33.03,36,1005,13.41,8000,89.28,-62.61,104.05,3.7,488
Tue May 12 16:51:11 2026,1778584871.7907033,Bangalore,Clouds,33.03,33.03,36,1005,13.41,8000,88.18,-58.69,763.38,3.67,492
Tue May 12 16:52:12 2026,1778584932.280742,Bangalore,Clouds,33.03,33.03,36,1005,13.41,8000,87.07,-56.36,452.56,3.64,496
Tue May 12 16:53:12 2026,1778584992.4610274,Bangalore,Clouds,32.93,32.88,36,1005,12.96,8000,85.97,-56.88,602.77,3.61,500
Tue May 12 16:54:13 2026,1778585053.2063868,Bangalore,Clouds,32.93,32.88,36,1005,12.96,8000,84.87,-62.13,719.42,3.58,504
Tue May 12 16:55:12 2026,1778585112.9198036,Bangalore,Clouds,32.93,32.88,36,1005,12.96,8000,83.87,-61.16,301.41,3.56,507
Tue May 12 16:56:14 2026,1778585174.0892134,Bangalore,Clouds,32.93,32.88,36,1005,12.96,8000,82.77,-63.11,637.7,3.53,511
Tue May 12 16:57:15 2026,1778585235.7242937,Bangalore,Clouds,32.93,32.88,36,1005,12.96,8000,81.66,-63.03,683.87,3.5,515
Tue May 12 16:58:15 2026,1778585295.1238585,Bangalore,Clouds,32.93,32.88,36,1005,12.96,8000,80.66,-53.95,580.09,3.48,518
Tue May 12 16:59:16 2026,1778585356.431067,Bangalore,Clouds,32.93,32.88,36,1005,12.96,8000,79.55,-59.04,285.54,3.45,522
Tue May 12 17:00:16 2026,1778585416.1413136,Bangalore,Clouds,32.93,32.88,36,1005,12.96,8000,78.56,-62.08,257.25,3.44,525
Tue May 12 17:01:17 2026,1778585477.1977572,Bangalore,Clouds,32.93,32.88,36,1005,12.96,8000,77.45,-58.25,312.5,3.41,529
Tue May 12 17:02:17 2026,1778585537.0920026,Bangalore,Clouds,32.93,32.88,36,1005,12.96,8000,76.45,-59.16,761.59,3.39,532
Tue May 12 17:03:17 2026,1778585597.962227,Bangalore,Clouds,33.03,33.22,37,1005,12.96,8000,75.35,-56.09,111.29,3.36,536
Tue May 12 17:04:18 2026,1778585658.054886,Bangalore,Clouds,33.03,33.22,37,1005,12.96,8000,74.25,-59.61,1460.8,3.34,540
Tue May 12 17:05:20 2026,1778585720.775791,Bangalore,Clouds,33.03,33.22,37,1005,12.96,8000,73.13,-64.13,188.46,3.31,544
Tue May 12 17:06:19 2026,1778585779.9692037,Bangalore,Clouds,33.03,33.22,37,1005,12.96,8000,72.14,-57.01,341.42,3.3,547
Tue May 12 17:07:24 2026,1778585844.3512115,Bangalore,Clouds,33.03,33.22,37,1005,12.96,8000,71.01,-63.09,385.63,3.45,551
Tue May 12 17:08:23 2026,1778585903.9044695,Bangalore,Clouds,33.03,33.22,37,1005,12.96,8000,70.02,-63.4,145.73,3.44,554
Tue May 12 17:09:24 2026,1778585964.522535,Bangalore,Clouds,33.03,33.22,37,1005,12.96,8000,68.91,-58.09,588.41,3.59,558
Tue May 12 17:10:24 2026,1778586024.6935782,Bangalore,Clouds,33.03,33.22,37,1005,12.96,8000,67.81,-60.35,1261.83,3.57,562
Tue May 12 17:11:26 2026,1778586086.9538524,Bangalore,Clouds,33.03,33.22,37,1005,12.96,8000,66.70,-57.75,448.04,3.54,566
Tue May 12 17:12:28 2026,1778586148.243231,Bangalore,Clouds,33.03,33.22,37,1005,12.96,8000,65.59,-60.07,683.73,3.51,570
Tue May 12 17:13:29 2026,1778586209.0389016,Bangalore,Clouds,32.73,32.6,36,1005,12.96,8000,64.49,-62.48,325.62,3.49,574
Tue May 12 17:14:31 2026,1778586271.2242155,Bangalore,Clouds,32.73,32.6,36,1005,12.96,8000,63.38,-61.3,640.55,3.47,578
Tue May 12 17:15:30 2026,1778586330.0822024,Bangalore,Clouds,32.73,32.6,36,1005,12.96,8000,62.39,-56.19,446.52,3.45,581
Tue May 12 17:16:28 2026,1778586388.8278155,Bangalore,Clouds,32.73,32.6,36,1005,12.96,8000,61.39,-61.41,540.98,3.43,584
Tue May 12 17:17:31 2026,1778586451.031401,Bangalore,Clouds,32.73,32.6,36,1005,12.96,8000,60.28,-58.84,568.83,3.41,588
Tue May 12 17:18:31 2026,1778586511.5904982,Bangalore,Clouds,32.73,32.6,36,1005,12.96,8000,59.18,-53.91,99.82,3.38,592
Tue May 12 17:19:31 2026,1778586571.318875,Bangalore,Clouds,32.73,32.6,36,1005,12.96,8000,58.18,-62.43,792.38,3.37,595
Tue May 12 17:21:33 2026,1778586693.7091994,Bangalore,Clouds,32.73,32.6,36,1005,12.96,8000,56.47,-63.5,430.31,3.49,602
Tue May 12 17:22:33 2026,1778586753.980132,Bangalore,Clouds,32.73,32.6,36,1005,12.96,8000,55.37,-58.6,253.09,3.47,606
Tue May 12 17:23:37 2026,1778586817.5259647,Bangalore,Clouds,32.51,32.47,37,1004,12.52,8000,54.25,-64.61,231.42,3.45,610
Tue May 12 17:24:35 2026,1778586875.5145042,Bangalore,Clouds,32.51,32.47,37,1004,12.52,8000,53.26,-61.54,758.22,3.43,613
Tue May 12 17:25:35 2026,1778586935.6829667,Bangalore,Clouds,32.51,32.47,37,1004,12.52,8000,52.16,-62.25,124.57,3.57,617
Tue May 12 17:26:36 2026,1778586996.2359395,Bangalore,Clouds,32.51,32.47,37,1004,12.52,8000,51.05,-57.99,51.69,3.55,621
Tue May 12 17:27:37 2026,1778587057.4222455,Bangalore,Clouds,32.6,32.6,37,1004,12.52,8000,49.95,-61.01,301.12,3.53,625
Tue May 12 17:28:37 2026,1778587117.7562664,Bangalore,Clouds,32.6,32.6,37,1004,12.52,8000,48.85,-58.53,515.7,3.5,629
Tue May 12 17:29:38 2026,1778587178.2524214,Bangalore,Clouds,32.6,32.6,37,1004,12.52,8000,47.74,-64.68,250.98,3.48,633
Tue May 12 17:30:37 2026,1778587237.3333106,Bangalore,Clouds,32.6,32.6,37,1004,12.52,8000,46.75,-63.85,369.87,3.62,636
Tue May 12 17:31:39 2026,1778587299.011865,Bangalore,Clouds,32.6,32.6,37,1004,12.52,8000,45.64,-61.79,653.57,3.6,640
Tue May 12 17:32:40 2026,1778587360.0726645,Bangalore,Clouds,32.48,32.43,37,1004,12.52,8000,44.54,-61.02,82.4,3.58,644
Tue May 12 17:33:40 2026,1778587420.0373406,Bangalore,Clouds,32.48,32.43,37,1004,12.52,8000,43.54,-64.47,775.44,3.56,647
Tue May 12 17:34:42 2026,1778587482.1432755,Bangalore,Clouds,32.48,32.43,37,1004,12.52,8000,42.43,-61.96,157.05,3.85,651
Tue May 12 17:35:42 2026,1778587542.8045864,Bangalore,Clouds,32.48,32.43,37,1004,12.52,8000,41.32,-61.87,206.6,3.82,655
Tue May 12 17:36:41 2026,1778587601.5642772,Bangalore,Clouds,32.48,32.43,37,1004,12.52,8000,40.33,-63.24,1145.21,3.81,658
Tue May 12 17:37:42 2026,1778587662.78628,Bangalore,Clouds,32.48,32.43,37,1004,12.52,8000,39.22,-62.6,405.1,3.78,662
Tue May 12 17:38:42 2026,1778587722.511431,Bangalore,Clouds,32.48,32.43,37,1004,12.52,8000,38.22,-61.65,367.83,3.92,665
Tue May 12 17:39:42 2026,1778587782.8891957,Bangalore,Clouds,32.48,32.43,37,1004,12.52,8000,37.12,-63.89,271.84,3.89,669
Tue May 12 17:40:42 2026,1778587842.2410867,Bangalore,Clouds,32.48,32.43,37,1004,12.52,8000,36.12,-67.37,418.57,3.87,672
Tue May 12 17:41:44 2026,1778587904.1676142,Bangalore,Clouds,32.48,32.43,37,1004,12.52,8000,35.02,-59.33,241.09,3.85,676
Tue May 12 17:42:44 2026,1778587964.6343305,Bangalore,Clouds,32.42,32.35,37,1004,12.07,8000,33.91,-55.52,66.08,3.98,680
Tue May 12 17:43:45 2026,1778588025.623899,Bangalore,Clouds,32.42,32.35,37,1004,12.07,8000,32.81,-57.92,657.93,4.1,684
Tue May 12 17:44:45 2026,1778588085.2908995,Bangalore,Clouds,32.42,32.35,37,1004,12.07,8000,31.81,-61.57,746.34,4.08,687
Tue May 12 17:45:45 2026,1778588145.2042756,Bangalore,Clouds,32.42,32.35,37,1004,12.07,8000,30.81,-59.19,342.16,4.06,690
Tue May 12 17:46:46 2026,1778588206.2523353,Bangalore,Clouds,32.42,32.35,37,1004,12.07,8000,29.70,-60.1,380.73,4.04,694
Tue May 12 17:47:46 2026,1778588266.7124577,Bangalore,Clouds,32.42,32.35,37,1004,12.07,8000,28.60,-52.8,347.72,4.16,698
Tue May 12 17:48:46 2026,1778588326.7967076,Bangalore,Clouds,32.42,32.35,37,1004,12.07,8000,27.50,-62.34,255.74,4.14,702
Tue May 12 17:49:47 2026,1778588387.375373,Bangalore,Clouds,32.42,32.35,37,1004,12.07,8000,26.40,-57.09,89.06,4.11,706
Tue May 12 17:50:49 2026,1778588449.2841349,Bangalore,Clouds,32.42,32.35,37,1004,12.07,8000,25.29,-60.74,551.34,4.09,710
Tue May 12 17:51:48 2026,1778588508.582106,Bangalore,Clouds,32.42,32.35,37,1004,12.07,8000,24.29,-63.9,683.93,4.07,713
Tue May 12 17:52:49 2026,1778588569.927122,Bangalore,Clouds,32.29,32.17,37,1004,12.07,8000,23.19,-61.41,168.79,4.05,717
Tue May 12 17:53:49 2026,1778588629.444347,Bangalore,Clouds,32.29,32.17,37,1004,12.07,8000,22.19,-54.73,779.83,4.03,720
Tue May 12 17:54:53 2026,1778588693.329642,Bangalore,Clouds,32.29,32.17,37,1004,12.07,8000,21.07,-56.84,353.33,4.01,724
Tue May 12 17:55:52 2026,1778588752.8727162,Bangalore,Clouds,32.29,32.17,37,1004,12.07,8000,20.07,-63.12,384.27,3.99,727
Tue May 12 17:56:53 2026,1778588813.3595643,Bangalore,Clouds,32.29,32.17,37,1004,12.07,8000,18.97,-60.46,574.5,3.97,731
Wed May 13 22:28:49 2026,1778691529.6394987,Bangalore,Clouds,28.41,28.63,47,1008,3.09,6000,100.00,-60.23,589.61,4.79,5137
Wed May 13 22:29:49 2026,1778691589.397568,Bangalore,Clouds,28.41,28.63,47,1008,3.09,6000,99.00,-59.11,735.45,4.79,5140
Wed May 13 22:30:49 2026,1778691649.562328,Bangalore,Clouds,28.41,28.63,47,1008,3.09,6000,97.90,-54.73,570.25,4.78,5144
Wed May 13 22:31:50 2026,1778691710.0272298,Bangalore,Clouds,28.41,28.63,47,1008,3.09,6000,96.80,-60.96,734.68,4.78,5148
Wed May 13 22:32:50 2026,1778691770.7254264,Bangalore,Clouds,28.41,28.63,47,1008,3.09,6000,95.69,-60.85,226.41,4.78,5152
Wed May 13 22:33:52 2026,1778691832.3285837,Bangalore,Clouds,28.41,28.63,47,1008,3.09,6000,94.59,-63.07,100.95,4.77,5156
Wed May 13 22:34:53 2026,1778691893.1562538,Bangalore,Clouds,28.41,28.63,47,1008,3.09,6000,93.48,-60.37,114.3,4.77,5160
Wed May 13 22:35:52 2026,1778691952.7306378,Bangalore,Clouds,28.5,28.83,48,1008,3.09,6000,92.48,-60.18,727.24,4.78,5163
Wed May 13 22:36:53 2026,1778692013.838018,Bangalore,Clouds,28.5,28.83,48,1008,3.09,6000,91.38,-55.37,293.6,4.78,5167
Wed May 13 22:37:56 2026,1778692076.164564,Bangalore,Clouds,28.5,28.83,48,1008,3.09,6000,90.27,-58.73,249.57,4.78,5171
Wed May 13 22:38:56 2026,1778692136.9866228,Bangalore,Clouds,28.5,28.83,48,1008,3.09,6000,89.16,-59.46,392.15,4.77,5175
Wed May 13 22:39:55 2026,1778692195.8080647,Bangalore,Clouds,28.5,28.83,48,1008,3.09,6000,88.17,-62.06,373.98,4.77,5178
Wed May 13 22:40:55 2026,1778692255.7265818,Bangalore,Clouds,28.5,28.83,48,1008,3.09,6000,87.17,-57.77,609.14,4.77,5181
Wed May 13 22:41:55 2026,1778692315.8034267,Bangalore,Clouds,28.5,28.83,48,1008,3.09,6000,86.07,-56.6,436.04,4.76,5185
Wed May 13 22:42:58 2026,1778692378.198964,Bangalore,Clouds,28.5,28.83,48,1008,3.09,6000,84.96,-51.32,61.04,4.78,5189
Wed May 13 22:43:56 2026,1778692436.1969552,Bangalore,Clouds,28.5,28.83,48,1008,3.09,6000,83.97,-55.97,655.18,4.78,5192
Wed May 13 22:44:56 2026,1778692496.5264485,Bangalore,Clouds,28.5,28.83,48,1008,3.09,6000,82.87,-62.64,1434.62,4.79,5196
Wed May 13 22:45:59 2026,1778692559.9188695,Bangalore,Clouds,28.22,28.8,51,1009,1.34,10000,81.75,-63.95,946.17,4.79,5200
Wed May 13 22:46:59 2026,1778692619.0955005,Bangalore,Clouds,28.22,28.8,51,1009,1.34,10000,80.75,-61.95,564.3,4.79,5203
Wed May 13 22:48:01 2026,1778692681.7349372,Bangalore,Clouds,28.22,28.8,51,1009,1.34,10000,79.64,-68.4,76.72,4.78,5207
Wed May 13 22:49:00 2026,1778692740.2302454,Bangalore,Clouds,28.22,28.8,51,1009,1.34,10000,78.65,-63.0,562.35,4.78,5210
Wed May 13 22:51:03 2026,1778692863.3913374,Bangalore,Clouds,28.22,28.8,51,1009,1.34,10000,76.93,-56.76,191.79,4.81,5217
Wed May 13 22:52:05 2026,1778692925.0083883,Bangalore,Clouds,28.22,28.8,51,1009,1.34,10000,75.82,-58.83,746.05,4.81,5221
Wed May 13 22:53:04 2026,1778692984.7920563,Bangalore,Clouds,28.22,28.8,51,1009,1.34,10000,74.82,-65.0,1019.63,4.81,5224
Wed May 13 22:54:13 2026,1778693053.6530695,Bangalore,Clouds,28.22,28.8,51,1009,1.34,10000,73.68,-62.86,350.72,4.82,5228
Wed May 13 22:55:10 2026,1778693110.391943,Bangalore,Clouds,28.22,28.8,51,1009,1.34,10000,72.70,-58.84,650.13,4.82,5231
Wed May 13 22:56:08 2026,1778693168.1422813,Bangalore,Clouds,27.98,28.8,54,1009,3.09,6000,71.71,-55.81,416.12,4.82,5234
Wed May 13 22:57:07 2026,1778693227.2302709,Bangalore,Clouds,27.98,28.8,54,1009,3.09,6000,70.71,-60.71,122.14,4.81,5237
Wed May 13 22:58:09 2026,1778693289.1287787,Bangalore,Clouds,27.98,28.8,54,1009,3.09,6000,69.60,-59.27,468.9,4.81,5241
Wed May 13 22:59:10 2026,1778693350.779452,Bangalore,Clouds,27.98,28.8,54,1009,3.09,6000,68.49,-56.78,728.33,4.81,5245
Wed May 13 23:00:09 2026,1778693409.8023396,Bangalore,Clouds,27.98,28.8,54,1009,3.09,6000,67.50,-57.63,1297.55,4.8,5248
Wed May 13 23:01:10 2026,1778693470.127076,Bangalore,Clouds,27.98,28.8,54,1009,3.09,6000,66.40,-58.38,86.13,4.8,5252
Wed May 13 23:02:12 2026,1778693532.2449613,Bangalore,Clouds,27.98,28.8,54,1009,3.09,6000,65.29,-59.35,185.84,4.8,5256
Wed May 13 23:03:11 2026,1778693591.7566366,Bangalore,Clouds,27.98,28.8,54,1009,3.09,6000,64.29,-60.39,62.23,4.79,5259
Wed May 13 23:04:13 2026,1778693653.8030243,Bangalore,Clouds,27.98,28.8,54,1009,3.09,6000,63.18,-61.04,200.24,4.79,5263
Wed May 13 23:05:12 2026,1778693712.1274483,Bangalore,Clouds,27.98,28.8,54,1009,3.09,6000,62.19,-60.32,427.96,4.79,5266
Wed May 13 23:06:14 2026,1778693774.7961762,Bangalore,Clouds,27.85,28.73,55,1008,3.09,6000,61.07,-60.09,638.77,4.78,5270
Wed May 13 23:07:14 2026,1778693834.544654,Bangalore,Clouds,27.85,28.73,55,1008,3.09,6000,60.08,-54.23,163.28,4.78,5273
Wed May 13 23:08:14 2026,1778693894.5030048,Bangalore,Clouds,27.85,28.73,55,1008,3.09,6000,59.08,-59.96,675.47,4.78,5276
Wed May 13 23:09:17 2026,1778693957.0661862,Bangalore,Clouds,27.85,28.73,55,1008,3.09,6000,57.96,-50.51,448.47,4.79,5280
Wed May 13 23:10:16 2026,1778694016.433908,Bangalore,Clouds,27.85,28.73,55,1008,3.09,6000,56.97,-58.7,420.53,4.79,5283
Wed May 13 23:12:17 2026,1778694137.983778,Bangalore,Clouds,27.85,28.73,55,1008,3.09,6000,55.26,-58.41,629.42,4.8,5290
Wed May 13 23:13:17 2026,1778694197.9553776,Bangalore,Clouds,27.85,28.73,55,1008,3.09,6000,54.26,-57.13,450.84,4.8,5293
Wed May 13 23:14:19 2026,1778694259.4494524,Bangalore,Clouds,27.85,28.73,55,1008,3.09,6000,53.15,-56.81,497.49,4.81,5297
Wed May 13 23:15:19 2026,1778694319.88982,Bangalore,Clouds,27.85,28.73,55,1008,3.09,6000,52.05,-62.92,653.46,4.81,5301
Wed May 13 23:16:21 2026,1778694381.776691,Bangalore,Clouds,27.85,28.83,56,1008,3.09,6000,50.94,-63.27,155.41,4.81,5305
Wed May 13 23:17:22 2026,1778694442.7932322,Bangalore,Clouds,27.85,28.83,56,1008,3.09,6000,49.83,-58.92,213.22,4.8,5309
Wed May 13 23:18:24 2026,1778694504.4916563,Bangalore,Clouds,27.85,28.83,56,1008,3.09,6000,48.73,-51.29,89.0,4.8,5313
Wed May 13 23:19:23 2026,1778694563.6177027,Bangalore,Clouds,27.85,28.83,56,1008,3.09,6000,47.73,-63.04,1426.55,4.8,5316
Wed May 13 23:20:24 2026,1778694624.964188,Bangalore,Clouds,27.85,28.83,56,1008,3.09,6000,46.62,-59.63,398.11,4.79,5320
Wed May 13 23:21:24 2026,1778694684.3565512,Bangalore,Clouds,27.77,28.72,56,1008,3.09,6000,45.63,-54.8,369.96,4.81,5323
Wed May 13 23:22:26 2026,1778694746.440289,Bangalore,Clouds,27.77,28.72,56,1008,3.09,6000,44.52,-56.89,720.09,4.81,5327
Wed May 13 23:23:25 2026,1778694805.8263628,Bangalore,Clouds,27.77,28.72,56,1008,3.09,6000,43.52,-63.55,151.88,4.8,5330
Wed May 13 23:24:26 2026,1778694866.809015,Bangalore,Clouds,27.77,28.72,56,1008,3.09,6000,42.41,-55.98,292.0,4.8,5334
Wed May 13 23:25:26 2026,1778694926.0582132,Bangalore,Clouds,27.38,28.41,58,1008,3.09,6000,41.42,-59.13,440.02,4.8,5337
Wed May 13 23:27:26 2026,1778695046.833563,Bangalore,Clouds,27.38,28.41,58,1008,3.09,6000,39.71,-58.66,559.26,4.79,5344
Wed May 13 23:28:29 2026,1778695109.5790153,Bangalore,Clouds,27.38,28.41,58,1008,3.09,6000,38.60,-58.8,494.63,4.79,5348
Wed May 13 23:29:28 2026,1778695168.2888772,Bangalore,Clouds,27.38,28.41,58,1008,3.09,6000,37.61,-56.63,254.22,4.79,5351
Wed May 13 23:30:29 2026,1778695229.6596832,Bangalore,Clouds,27.38,28.41,58,1008,3.09,6000,36.50,-56.97,685.78,4.8,5355
Wed May 13 23:31:32 2026,1778695292.5742211,Bangalore,Clouds,27.38,28.41,58,1008,3.09,6000,35.39,-61.61,455.18,4.8,5359
Wed May 13 23:33:29 2026,1778695409.8470654,Bangalore,Clouds,27.38,28.41,58,1008,3.09,6000,33.80,-56.34,707.25,4.79,5365
Wed May 13 23:34:33 2026,1778695473.3337798,Bangalore,Clouds,27.38,28.41,58,1008,3.09,6000,32.68,-61.77,112.91,4.79,5369
Wed May 13 23:35:32 2026,1778695532.8130753,Bangalore,Clouds,27.38,28.41,58,1008,3.09,6000,31.68,-62.79,257.31,4.78,5372
Wed May 13 23:36:31 2026,1778695591.681406,Bangalore,Clouds,27.38,28.41,58,1008,3.09,6000,30.69,-61.7,138.33,4.8,5375
Wed May 13 23:37:32 2026,1778695652.0931923,Bangalore,Clouds,27.38,28.41,58,1008,3.09,6000,29.59,-56.42,660.09,4.8,5379
Wed May 13 23:38:33 2026,1778695713.8032174,Bangalore,Clouds,27.38,28.41,58,1008,3.09,6000,28.48,-65.12,684.4,4.79,5383
Wed May 13 23:39:33 2026,1778695773.6316755,Bangalore,Clouds,27.38,28.41,58,1008,3.09,6000,27.48,-58.98,1277.42,4.79,5386
Wed May 13 23:40:33 2026,1778695833.7999983,Bangalore,Clouds,27.38,28.41,58,1008,3.09,6000,26.38,-56.54,437.3,4.79,5390
Wed May 13 23:41:33 2026,1778695893.9138584,Bangalore,Clouds,27.38,28.41,58,1008,3.09,6000,25.28,-62.29,279.66,4.78,5394
Wed May 13 23:42:34 2026,1778695954.0717857,Bangalore,Clouds,27.38,28.41,58,1008,3.09,6000,24.18,-58.47,315.73,4.78,5398
Wed May 13 23:43:34 2026,1778696014.9225924,Bangalore,Clouds,27.38,28.41,58,1008,3.09,6000,23.07,-65.54,459.44,4.8,5402
Wed May 13 23:44:36 2026,1778696076.9648726,Bangalore,Clouds,27.38,28.41,58,1008,3.09,6000,21.96,-61.86,559.04,4.79,5406
Wed May 13 23:45:37 2026,1778696137.745019,Bangalore,Clouds,27.38,28.41,58,1008,3.09,6000,20.86,-57.59,809.98,4.79,5410
Wed May 13 23:46:35 2026,1778696195.4925628,Bangalore,Clouds,27.38,28.41,58,1008,3.09,6000,19.87,-56.68,751.44,4.79,5413
Wed May 13 23:47:35 2026,1778696255.016328,Bangalore,Clouds,27.48,28.12,53,1008,3.09,6000,18.87,-60.27,596.54,4.78,5416
Wed May 13 23:48:35 2026,1778696315.655119,Bangalore,Clouds,27.48,28.12,53,1008,3.09,6000,17.77,-60.71,1007.2,4.78,5420
Wed May 13 23:49:36 2026,1778696376.7313352,Bangalore,Clouds,27.48,28.12,53,1008,3.09,6000,16.66,-54.75,572.63,4.78,5424
Wed May 13 23:50:37 2026,1778696437.3590548,Bangalore,Clouds,27.48,28.12,53,1008,3.09,6000,15.56,-58.57,508.05,4.77,5428
Wed May 13 23:51:37 2026,1778696497.879079,Bangalore,Clouds,27.48,28.12,53,1008,3.09,6000,14.46,-61.29,768.74,4.77,5432
Wed May 13 23:52:38 2026,1778696558.9655364,Bangalore,Clouds,27.48,28.12,53,1008,3.09,6000,13.35,-61.68,564.38,4.77,5436
Wed May 13 23:54:39 2026,1778696679.4567766,Bangalore,Clouds,27.48,28.12,53,1008,3.09,6000,11.65,-58.68,224.15,4.76,5443
Thu May 14 12:44:47 2026,1778742887.3399572,Bangalore,Clouds,32.3,33.52,44,1007,12.96,8000,100.00,-61.43,696.31,4.28,2312
Thu May 14 12:45:48 2026,1778742948.0769525,Bangalore,Clouds,32.3,33.52,44,1007,12.96,8000,98.90,-59.29,291.63,4.28,2316
Thu May 14 12:46:49 2026,1778743009.2839892,Bangalore,Clouds,32.3,33.52,44,1007,12.96,8000,97.79,-57.36,221.33,4.27,2320
Thu May 14 12:47:49 2026,1778743069.8255632,Bangalore,Clouds,32.3,33.52,44,1007,12.96,8000,96.69,-59.47,496.01,4.26,2324
Thu May 14 12:48:48 2026,1778743128.9554062,Bangalore,Clouds,32.3,33.52,44,1007,12.96,8000,95.69,-63.2,219.36,4.26,2327
Thu May 14 12:49:50 2026,1778743190.0719552,Bangalore,Clouds,32.3,33.52,44,1007,12.96,8000,94.59,-56.96,866.84,4.25,2331
Thu May 14 12:50:50 2026,1778743250.6956573,Bangalore,Clouds,32.54,33.27,41,1007,12.96,8000,93.48,-59.19,756.67,4.24,2335
Thu May 14 12:51:51 2026,1778743311.5597637,Bangalore,Clouds,32.54,33.27,41,1007,12.96,8000,92.38,-61.35,660.43,4.23,2339
Thu May 14 12:52:52 2026,1778743372.3710687,Bangalore,Clouds,32.54,33.27,41,1007,12.96,8000,91.27,-62.18,576.85,4.23,2343
Thu May 14 12:53:53 2026,1778743433.4872308,Bangalore,Clouds,32.54,33.27,41,1007,12.96,8000,90.17,-64.65,144.9,4.22,2347
Thu May 14 12:54:54 2026,1778743494.3064537,Bangalore,Clouds,32.54,33.27,41,1007,12.96,8000,89.07,-61.3,563.23,4.21,2351
Thu May 14 12:55:53 2026,1778743553.027093,Bangalore,Clouds,32.54,33.27,41,1007,12.96,8000,88.07,-55.75,567.41,4.21,2354
Thu May 14 12:56:55 2026,1778743615.6706772,Bangalore,Clouds,32.54,33.27,41,1007,12.96,8000,86.96,-63.06,503.32,4.2,2358
Thu May 14 12:57:55 2026,1778743675.1771364,Bangalore,Clouds,32.54,33.27,41,1007,12.96,8000,85.96,-58.78,514.35,4.19,2361
Thu May 14 12:58:56 2026,1778743736.459576,Bangalore,Clouds,32.54,33.27,41,1007,12.96,8000,84.85,-58.32,600.66,4.19,2365
Thu May 14 12:59:57 2026,1778743797.688121,Bangalore,Clouds,32.54,33.27,41,1007,12.96,8000,83.75,-62.84,558.93,4.18,2369
Thu May 14 13:01:57 2026,1778743917.2934687,Bangalore,Clouds,32.77,33.42,40,1004,12.96,8000,82.15,-55.12,415.91,4.21,2375
Thu May 14 13:04:59 2026,1778744099.8827343,Bangalore,Clouds,32.77,33.42,40,1004,12.96,8000,79.84,-59.95,337.22,4.28,2385
Thu May 14 13:06:00 2026,1778744160.292906,Bangalore,Clouds,32.77,33.42,40,1004,12.96,8000,78.74,-57.94,277.37,4.27,2389
Thu May 14 13:07:01 2026,1778744221.192459,Bangalore,Clouds,32.77,33.42,40,1004,12.96,8000,77.63,-63.13,477.84,4.26,2393
Thu May 14 13:09:01 2026,1778744341.4415064,Bangalore,Clouds,32.77,33.42,40,1004,12.96,8000,75.93,-60.89,178.3,4.25,2400
Thu May 14 13:10:03 2026,1778744403.1332738,Bangalore,Clouds,32.77,33.42,40,1004,12.96,8000,74.82,-52.18,77.28,4.24,2404
Thu May 14 13:11:18 2026,1778744478.5358937,Bangalore,Clouds,32.97,33.53,39,1004,12.96,8000,73.64,-65.18,255.44,4.24,2408
Thu May 14 13:12:05 2026,1778744525.0655982,Bangalore,Clouds,32.97,33.53,39,1004,12.96,8000,72.71,-56.16,170.62,4.23,2411
Thu May 14 13:13:04 2026,1778744584.846733,Bangalore,Clouds,32.97,33.53,39,1004,12.96,8000,71.71,-61.42,635.0,4.23,2414
Thu May 14 13:14:05 2026,1778744645.3381257,Bangalore,Clouds,32.97,33.53,39,1004,12.96,8000,70.61,-60.42,430.69,4.22,2418
Thu May 14 13:15:06 2026,1778744706.2308774,Bangalore,Clouds,32.97,33.53,39,1004,12.96,8000,69.51,-56.65,766.12,4.21,2422
Thu May 14 13:19:08 2026,1778744948.1866152,Bangalore,Clouds,32.97,33.53,39,1004,12.96,8000,66.60,-55.07,654.78,4.19,2435
Thu May 14 13:20:08 2026,1778745008.613539,Bangalore,Clouds,32.97,33.53,39,1004,12.96,8000,65.49,-57.41,305.93,4.18,2439
Thu May 14 13:21:09 2026,1778745069.7014797,Bangalore,Clouds,32.97,33.53,39,1004,12.96,8000,64.39,-58.31,481.85,4.18,2443
Thu May 14 13:22:10 2026,1778745130.290688,Bangalore,Clouds,33.1,33.73,39,1004,12.52,8000,63.29,-58.81,725.55,4.17,2447
Thu May 14 13:23:10 2026,1778745190.2049272,Bangalore,Clouds,33.1,33.73,39,1004,12.52,8000,62.29,-57.64,619.43,4.16,2450
Thu May 14 13:24:10 2026,1778745250.570562,Bangalore,Clouds,33.1,33.73,39,1004,12.52,8000,61.18,-52.29,408.8,4.2,2454
Thu May 14 13:25:11 2026,1778745311.1508043,Bangalore,Clouds,33.1,33.73,39,1004,12.52,8000,60.08,-59.93,143.11,4.19,2458
Thu May 14 13:26:13 2026,1778745373.542012,Bangalore,Clouds,33.1,33.73,39,1004,12.52,8000,58.97,-58.88,652.49,4.19,2462
Thu May 14 13:27:11 2026,1778745431.9040265,Bangalore,Clouds,33.1,33.73,39,1004,12.52,8000,57.98,-60.62,51.13,4.18,2465
Thu May 14 13:28:12 2026,1778745492.8108015,Bangalore,Clouds,33.1,33.73,39,1004,12.52,8000,56.87,-57.63,280.22,4.17,2469
Thu May 14 13:29:13 2026,1778745553.004856,Bangalore,Clouds,33.1,33.73,39,1004,12.52,8000,55.77,-61.2,691.03,4.21,2473
Thu May 14 13:30:12 2026,1778745612.7552786,Bangalore,Clouds,33.1,33.73,39,1004,12.52,8000,54.77,-54.92,1019.02,4.2,2476
Thu May 14 13:36:16 2026,1778745976.856698,Bangalore,Clouds,33.19,33.87,39,1004,12.52,8000,50.65,-58.56,352.33,4.21,2495
Thu May 14 13:37:17 2026,1778746037.0473826,Bangalore,Clouds,33.19,33.87,39,1004,12.52,8000,49.55,-53.27,186.85,4.24,2499
Thu May 14 13:38:18 2026,1778746098.216793,Bangalore,Clouds,33.19,33.87,39,1004,12.52,8000,48.45,-56.59,190.43,4.24,2503
Thu May 14 13:39:18 2026,1778746158.8332748,Bangalore,Clouds,33.19,33.87,39,1004,12.52,8000,47.34,-61.83,473.35,4.23,2507
Thu May 14 13:40:19 2026,1778746219.4455748,Bangalore,Clouds,33.19,33.87,39,1004,12.52,8000,46.24,-60.65,130.74,4.26,2511
Thu May 14 13:41:20 2026,1778746280.3828404,Bangalore,Clouds,33.19,33.87,39,1004,12.52,8000,45.13,-56.75,581.28,4.3,2515
Thu May 14 13:42:20 2026,1778746340.393371,Bangalore,Clouds,33.19,33.45,37,1005,12.52,8000,44.03,-54.74,100.53,4.29,2519
Thu May 14 13:43:21 2026,1778746401.5192633,Bangalore,Clouds,33.19,33.45,37,1005,12.52,8000,42.93,-57.55,498.85,4.28,2523
Thu May 14 13:44:22 2026,1778746462.175555,Bangalore,Clouds,33.19,33.45,37,1005,12.52,8000,41.83,-58.6,532.53,4.28,2527
Thu May 14 13:45:23 2026,1778746523.3513954,Bangalore,Clouds,33.19,33.45,37,1005,12.52,8000,40.72,-58.79,69.19,4.31,2531
Thu May 14 13:46:23 2026,1778746583.7615287,Bangalore,Clouds,33.19,33.45,37,1005,12.52,8000,39.62,-59.14,157.61,4.3,2535
Thu May 14 13:47:24 2026,1778746644.3670814,Bangalore,Clouds,33.19,33.45,37,1005,12.52,8000,38.51,-54.81,676.98,4.29,2539
Thu May 14 13:48:23 2026,1778746703.7273996,Bangalore,Clouds,33.19,33.45,37,1005,12.52,8000,37.52,-59.98,224.78,4.29,2542
Thu May 14 13:49:23 2026,1778746763.6431334,Bangalore,Clouds,33.19,33.45,37,1005,12.52,8000,36.52,-53.66,367.42,4.28,2545
Thu May 14 13:50:24 2026,1778746824.929674,Bangalore,Clouds,33.19,33.45,37,1005,12.52,8000,35.41,-57.7,68.81,4.28,2549
Thu May 14 13:51:26 2026,1778746886.26232,Bangalore,Clouds,33.19,33.45,37,1005,12.52,8000,34.31,-65.75,553.15,4.27,2553
Thu May 14 13:52:26 2026,1778746946.8523252,Bangalore,Clouds,33.54,33.77,36,1004,12.07,8000,33.20,-65.36,147.17,4.3,2557
Thu May 14 13:53:27 2026,1778747007.745866,Bangalore,Clouds,33.54,33.77,36,1004,12.07,8000,32.10,-63.95,747.3,4.3,2561
Thu May 14 13:54:27 2026,1778747067.502342,Bangalore,Clouds,33.54,33.77,36,1004,12.07,8000,31.10,-57.55,598.04,4.29,2564
Thu May 14 13:55:28 2026,1778747128.8720822,Bangalore,Clouds,33.54,33.77,36,1004,12.07,8000,29.99,-58.65,446.51,4.29,2568
Thu May 14 13:56:30 2026,1778747190.3050332,Bangalore,Clouds,33.54,33.77,36,1004,12.07,8000,28.89,-61.66,358.39,4.28,2572
Thu May 14 13:57:34 2026,1778747254.1446218,Bangalore,Clouds,33.54,33.77,36,1004,12.07,8000,27.77,-54.41,143.01,4.27,2576
Thu May 14 13:58:30 2026,1778747310.7394583,Bangalore,Clouds,33.54,33.77,36,1004,12.07,8000,26.78,-62.65,615.28,4.27,2579
Thu May 14 13:59:30 2026,1778747370.357846,Bangalore,Clouds,33.54,33.77,36,1004,12.07,8000,25.78,-62.13,326.92,4.26,2582
Thu May 14 14:00:30 2026,1778747430.432083,Bangalore,Clouds,33.54,33.77,36,1004,12.07,8000,24.68,-60.16,570.86,4.26,2586
Thu May 14 14:01:31 2026,1778747491.084164,Bangalore,Clouds,33.54,33.77,36,1004,12.07,8000,23.58,-58.58,741.32,4.25,2590
Thu May 14 14:02:31 2026,1778747551.735602,Bangalore,Clouds,33.51,33.94,37,1003,12.07,8000,22.48,-59.37,490.26,4.24,2594
Thu May 14 14:03:32 2026,1778747612.742972,Bangalore,Clouds,33.51,33.94,37,1003,12.07,8000,21.37,-57.53,434.16,4.24,2598
Thu May 14 14:04:38 2026,1778747678.994723,Bangalore,Clouds,33.51,33.94,37,1003,12.07,8000,20.24,-58.69,514.44,4.23,2602
Thu May 14 14:05:34 2026,1778747734.261135,Bangalore,Clouds,33.54,33.77,36,1004,12.07,8000,19.27,-54.04,1349.47,4.22,2605
Thu May 14 14:06:35 2026,1778747795.7216897,Bangalore,Clouds,33.54,33.77,36,1004,12.07,8000,18.16,-60.04,496.82,4.22,2609
Thu May 14 14:07:37 2026,1778747857.6518133,Bangalore,Clouds,33.54,33.77,36,1004,12.07,8000,17.05,-59.56,633.44,4.21,2613
Thu May 14 14:08:35 2026,1778747915.277582,Bangalore,Clouds,33.54,33.77,36,1004,12.07,8000,16.06,-63.75,469.71,4.21,2616
Thu May 14 14:09:36 2026,1778747976.6052313,Bangalore,Clouds,33.54,33.77,36,1004,12.07,8000,14.95,-61.61,160.33,4.24,2620
Thu May 14 14:10:35 2026,1778748035.97348,Bangalore,Clouds,33.54,33.77,36,1004,12.07,8000,13.96,-57.8,744.7,4.23,2623
Thu May 14 14:11:37 2026,1778748097.6630468,Bangalore,Clouds,33.51,33.73,36,1003,11.62,8000,12.85,-59.54,62.45,4.23,2627
Thu May 14 14:12:38 2026,1778748158.2160182,Bangalore,Clouds,33.51,33.73,36,1003,11.62,8000,11.75,-56.54,197.94,4.26,2631
Thu May 14 14:13:38 2026,1778748218.907174,Bangalore,Clouds,33.51,33.73,36,1003,11.62,8000,10.64,-65.66,170.61,4.25,2635
Thu May 14 14:14:39 2026,1778748279.236495,Bangalore,Clouds,33.51,33.73,36,1003,11.62,8000,9.54,-58.33,203.66,4.25,2639
Thu May 14 14:15:39 2026,1778748339.4542663,Bangalore,Clouds,33.51,33.73,36,1003,11.62,8000,8.44,-63.68,566.55,4.24,2643
Thu May 14 14:16:40 2026,1778748400.6185043,Bangalore,Clouds,33.51,33.73,36,1003,11.62,8000,7.33,-60.75,588.43,4.23,2647
Thu May 14 14:17:50 2026,1778748470.5731423,Bangalore,Clouds,33.51,33.73,36,1003,11.62,8000,6.18,-63.25,550.25,4.23,2651
Thu May 14 14:18:41 2026,1778748521.9630744,Bangalore,Clouds,33.51,33.73,36,1003,11.62,8000,5.23,-61.55,601.42,4.26,2654
Thu May 14 15:15:17 2026,1778751917.4293833,Bangalore,Clouds,33.5,33.51,35,1002,11.62,8000,100.00,-61.71,1042.41,4.71,171
Thu May 14 15:17:24 2026,1778752044.2798283,Bangalore,Clouds,33.5,33.51,35,1002,11.62,8000,98.27,-59.2,747.22,4.52,178
Thu May 14 15:18:28 2026,1778752108.338581,Bangalore,Clouds,33.5,33.51,35,1002,11.62,8000,97.15,-64.18,507.86,4.42,182
Thu May 14 15:19:21 2026,1778752161.0997825,Bangalore,Clouds,33.5,33.51,35,1002,11.62,8000,96.18,-57.01,368.95,4.35,185
Thu May 14 15:20:20 2026,1778752220.7405136,Bangalore,Clouds,33.5,33.51,35,1002,11.62,8000,95.18,-59.2,761.55,4.28,188
Thu May 14 15:21:18 2026,1778752278.8500557,Bangalore,Clouds,33.5,33.51,35,1002,11.62,8000,94.19,-59.45,330.67,4.21,191
Thu May 14 15:22:19 2026,1778752339.520193,Bangalore,Clouds,33.5,33.51,35,1002,11.62,8000,93.09,-58.99,197.45,4.12,195
Thu May 14 15:23:20 2026,1778752400.0398135,Bangalore,Clouds,33.5,33.51,35,1002,11.62,8000,91.99,-65.62,559.81,4.04,199
Thu May 14 15:24:20 2026,1778752460.1597824,Bangalore,Clouds,33.5,33.51,35,1002,11.62,8000,90.89,-57.16,271.63,3.96,203
Thu May 14 15:25:22 2026,1778752522.2176385,Bangalore,Clouds,33.33,33.27,35,1003,11.62,8000,89.78,-62.88,387.9,4.37,207
Thu May 14 15:26:27 2026,1778752587.5408394,Bangalore,Clouds,33.33,33.27,35,1003,11.62,8000,88.65,-61.65,764.35,4.29,211
Thu May 14 15:27:21 2026,1778752641.2558372,Bangalore,Clouds,33.33,33.27,35,1003,11.62,8000,87.68,-58.65,277.01,4.23,214
Thu May 14 15:28:22 2026,1778752702.4997303,Bangalore,Clouds,33.33,33.27,35,1003,11.62,8000,86.57,-65.02,401.49,4.15,218
Thu May 14 15:29:22 2026,1778752762.2232206,Bangalore,Clouds,33.33,33.27,35,1003,11.62,8000,85.58,-62.47,757.45,4.09,221
Thu May 14 15:47:32 2026,1778753852.832941,Bangalore,Clouds,33.46,33.26,34,1004,11.62,8000,100.00,-59.26,767.73,1.82,56
Thu May 14 15:48:32 2026,1778753912.6186788,Bangalore,Clouds,33.46,33.26,34,1004,11.62,8000,99.00,-67.32,629.18,1.72,59
Thu May 14 15:49:35 2026,1778753975.3775237,Bangalore,Clouds,33.46,33.26,34,1004,11.62,8000,97.89,-60.08,737.09,1.61,63
Thu May 14 15:50:36 2026,1778754036.197061,Bangalore,Clouds,33.46,33.26,34,1004,11.62,8000,96.78,-62.48,493.53,1.52,67
Thu May 14 15:51:34 2026,1778754094.8599849,Bangalore,Clouds,33.46,33.26,34,1004,11.62,8000,95.79,-57.94,598.12,1.45,70
Thu May 14 15:52:35 2026,1778754155.5183394,Bangalore,Clouds,33.46,33.26,34,1004,11.62,8000,94.69,-58.99,413.84,2.74,74
Thu May 14 15:53:36 2026,1778754216.3050456,Bangalore,Clouds,33.46,33.26,34,1004,11.62,8000,93.58,-60.52,112.71,2.6,78
Thu May 14 15:54:37 2026,1778754277.309198,Bangalore,Clouds,33.46,33.26,34,1004,11.62,8000,92.48,-61.47,246.03,2.47,82
Thu May 14 15:55:38 2026,1778754338.7691717,Bangalore,Clouds,33.5,33.32,34,1004,12.07,8000,91.37,-61.04,496.19,2.35,86
Thu May 14 15:56:39 2026,1778754399.227909,Bangalore,Clouds,33.5,33.32,34,1004,12.07,8000,90.27,-61.31,314.77,2.25,90
Thu May 14 15:57:39 2026,1778754459.293063,Bangalore,Clouds,33.5,33.32,34,1004,12.07,8000,89.17,-60.63,595.56,3.23,94
Thu May 14 15:58:39 2026,1778754519.1014128,Bangalore,Clouds,33.5,33.32,34,1004,12.07,8000,88.17,-63.71,621.96,3.12,97
Thu May 14 15:59:38 2026,1778754578.9692068,Bangalore,Clouds,33.5,33.32,34,1004,12.07,8000,87.17,-60.87,773.85,3.03,100
Thu May 14 16:00:39 2026,1778754639.3160648,Bangalore,Clouds,33.5,33.32,34,1004,12.07,8000,86.07,-58.26,181.45,2.91,104
Thu May 14 16:01:38 2026,1778754698.9401307,Bangalore,Clouds,33.5,33.32,34,1004,12.07,8000,85.07,-57.97,427.99,2.83,107
Thu May 14 16:02:39 2026,1778754759.6650486,Bangalore,Clouds,33.5,33.32,34,1004,12.07,8000,83.97,-59.23,1006.64,2.73,111
Thu May 14 16:03:40 2026,1778754820.2735972,Bangalore,Clouds,33.5,33.32,34,1004,12.07,8000,82.86,-59.62,235.23,2.63,115
Thu May 14 16:04:41 2026,1778754881.8949912,Bangalore,Clouds,33.5,33.32,34,1004,12.07,8000,81.75,-63.08,392.89,2.54,119
Thu May 14 16:05:44 2026,1778754944.3954256,Bangalore,Clouds,33.32,33.25,35,1003,12.52,8000,80.64,-56.17,423.99,2.46,123
Thu May 14 16:06:45 2026,1778755005.625732,Bangalore,Clouds,33.32,33.25,35,1003,12.52,8000,79.54,-58.26,343.79,2.38,127
Thu May 14 16:08:43 2026,1778755123.5681255,Bangalore,Clouds,33.32,33.25,35,1003,12.52,8000,77.95,-58.28,435.71,2.27,133
Thu May 14 16:09:45 2026,1778755185.450994,Bangalore,Clouds,33.32,33.25,35,1003,12.52,8000,76.84,-55.44,492.12,2.21,137
Thu May 14 16:10:47 2026,1778755247.0962193,Bangalore,Clouds,33.32,33.25,35,1003,12.52,8000,75.73,-63.66,158.57,2.14,141
Thu May 14 16:11:47 2026,1778755307.2091246,Bangalore,Clouds,33.32,33.25,35,1003,12.52,8000,74.63,-58.2,147.82,2.08,145
Thu May 14 16:12:47 2026,1778755367.8961124,Bangalore,Clouds,33.32,33.25,35,1003,12.52,8000,73.52,-63.23,649.57,2.03,149
Thu May 14 16:13:47 2026,1778755427.589437,Bangalore,Clouds,33.32,33.25,35,1003,12.52,8000,72.53,-58.89,1438.24,1.99,152
Thu May 14 16:14:47 2026,1778755487.96669,Bangalore,Clouds,33.32,33.25,35,1003,12.52,8000,71.42,-62.94,391.36,1.94,156
Thu May 14 16:15:48 2026,1778755548.43669,Bangalore,Clouds,33.31,33.52,33,1003,12.34,7901,70.32,-56.21,677.28,1.89,160
Thu May 14 16:16:47 2026,1778755607.0766902,Bangalore,Clouds,33.44,33.74,34,1002,12.34,7772,69.23,-61.95,429.97,1.84,164
Thu May 14 16:17:45 2026,1778755665.2266903,Bangalore,Clouds,33.58,33.18,35,1001,12.64,7937,68.14,-66.43,637.01,1.8,168
Thu May 14 16:18:48 2026,1778755728.6566904,Bangalore,Clouds,33.64,34.24,33,1001,12.79,7888,67.02,-55.55,203.91,1.75,172
Thu May 14 16:19:50 2026,1778755790.8966904,Bangalore,Clouds,33.56,33.42,34,1001,12.8,7839,65.91,-61.64,199.23,2.29,176
Thu May 14 16:20:49 2026,1778755849.2966905,Bangalore,Clouds,33.51,34.89,32,1002,12.59,7664,64.82,-58.74,657.02,2.23,180
Thu May 14 16:21:50 2026,1778755910.8766904,Bangalore,Clouds,33.73,33.54,33,1002,12.61,7621,63.71,-63.93,580.67,2.19,184
Thu May 14 16:22:51 2026,1778755971.2066903,Bangalore,Clouds,33.59,33.33,35,1003,12.51,7508,62.61,-60.18,523.71,2.14,188
Thu May 14 16:23:52 2026,1778756032.4566903,Bangalore,Clouds,33.89,34.54,36,1002,12.42,7472,61.50,-64.46,291.24,2.62,192
Thu May 14 16:24:51 2026,1778756091.2566905,Bangalore,Drizzle,33.59,34.9,35,1001,12.64,7553,60.41,-55.07,401.34,2.56,196
Thu May 14 16:25:49 2026,1778756149.9566903,Bangalore,Drizzle,33.83,34.12,36,1000,12.79,7633,59.31,-61.18,365.1,2.51,200
Thu May 14 16:26:51 2026,1778756211.1266904,Bangalore,Drizzle,33.7,34.49,36,1000,13.07,7684,58.21,-57.01,450.59,2.46,204
Thu May 14 16:27:52 2026,1778756272.9866903,Bangalore,Drizzle,33.68,34.3,34,1001,12.93,7627,57.10,-54.66,167.55,2.42,208
Thu May 14 16:28:55 2026,1778756335.1266904,Bangalore,Haze,33.41,34.38,34,1000,13.16,7737,55.99,-62.4,401.76,2.37,212
Thu May 14 16:29:59 2026,1778756399.9966905,Bangalore,Haze,33.65,33.73,35,999,13.35,7727,54.86,-57.31,639.5,2.33,216
Thu May 14 16:31:00 2026,1778756460.5666902,Bangalore,Haze,33.92,34.64,36,999,13.57,7881,53.76,-56.11,140.81,2.28,220
Thu May 14 16:32:05 2026,1778756525.4866903,Bangalore,Haze,33.86,34.57,34,998,13.71,7935,52.64,-64.11,579.13,2.24,224
Thu May 14 16:33:04 2026,1778756584.7466905,Bangalore,Haze,34.0,35.05,32,997,13.47,7852,51.54,-55.92,274.21,2.2,228
Thu May 14 16:34:05 2026,1778756645.6566904,Bangalore,Clear,34.1,33.9,30,997,13.26,8042,50.44,-63.95,107.45,2.16,232
Thu May 14 16:35:06 2026,1778756706.9266903,Bangalore,Clear,34.1,34.68,31,997,13.55,8213,49.33,-61.93,56.38,2.55,236
Thu May 14 16:36:06 2026,1778756766.6666903,Bangalore,Clear,33.85,35.25,29,997,13.34,8294,48.23,-57.19,446.26,2.51,240
Thu May 14 16:37:05 2026,1778756825.9366903,Bangalore,Clear,33.9,34.89,29,996,13.38,8239,47.13,-63.34,397.66,2.47,244
Thu May 14 16:38:09 2026,1778756889.0566902,Bangalore,Clear,34.1,34.5,31,995,13.32,8059,46.02,-61.95,312.22,2.43,248
Thu May 14 16:39:09 2026,1778756949.0566902,Bangalore,Clear,33.93,34.01,33,995,13.42,7929,44.92,-60.27,545.01,2.39,252
Thu May 14 16:40:12 2026,1778757012.9766903,Bangalore,Clear,33.69,34.63,34,996,13.29,8005,43.80,-63.13,657.03,2.75,256
Thu May 14 16:41:15 2026,1778757075.2266903,Bangalore,Mist,33.56,34.33,34,995,13.19,7985,42.69,-59.29,91.72,2.7,260
Thu May 14 16:42:13 2026,1778757133.6666903,Bangalore,Mist,33.38,33.58,32,995,13.17,7904,41.60,-60.13,131.86,2.66,264
Thu May 14 16:43:15 2026,1778757195.5766904,Bangalore,Mist,33.59,34.05,30,996,13.23,7799,40.49,-64.29,313.79,2.62,268
Thu May 14 16:44:20 2026,1778757260.1466904,Bangalore,Mist,33.62,34.65,30,997,13.03,7857,39.36,-62.56,291.33,2.58,272
Thu May 14 16:45:23 2026,1778757323.4966905,Bangalore,Mist,33.53,34.8,28,996,13.26,7814,38.25,-59.27,166.73,2.55,276
Thu May 14 16:46:27 2026,1778757387.6666903,Bangalore,Mist,33.36,32.95,28,997,13.48,7906,37.13,-60.32,275.24,2.51,280
Thu May 14 16:47:28 2026,1778757448.8466904,Bangalore,Drizzle,33.27,33.73,30,997,13.62,7900,36.02,-62.21,325.81,2.47,284
Thu May 14 16:48:29 2026,1778757509.9266903,Bangalore,Drizzle,33.37,33.98,32,996,13.5,7802,34.91,-58.09,338.5,2.44,288
Thu May 14 16:49:30 2026,1778757570.6866903,Bangalore,Drizzle,33.45,34.18,32,997,13.56,7657,33.81,-58.9,694.67,2.41,292
Thu May 14 16:50:35 2026,1778757635.1366904,Bangalore,Drizzle,33.7,34.82,33,997,13.57,7617,32.69,-58.26,505.28,2.37,296
Thu May 14 16:51:34 2026,1778757694.0666904,Bangalore,Drizzle,33.58,34.69,35,998,13.76,7521,31.59,-58.28,56.55,2.34,300
Thu May 14 16:52:36 2026,1778757756.2966905,Bangalore,Drizzle,33.7,33.68,35,999,13.98,7475,30.48,-61.71,85.76,2.31,304
Thu May 14 16:53:40 2026,1778757820.7766905,Bangalore,Drizzle,33.7,33.87,34,998,13.85,7414,29.36,-61.89,760.02,2.28,308
Thu May 14 16:54:43 2026,1778757883.0466905,Bangalore,Drizzle,33.51,33.17,36,997,14.15,7471,28.25,-57.92,79.15,2.25,312
Thu May 14 16:55:47 2026,1778757947.6466904,Bangalore,Drizzle,33.41,34.45,37,997,14.27,7293,27.13,-63.73,132.19,2.22,316
Thu May 14 16:56:48 2026,1778758008.5966904,Bangalore,Drizzle,33.43,33.3,39,997,14.18,7250,26.02,-59.11,1248.26,2.51,320
Thu May 14 16:57:53 2026,1778758073.2566905,Bangalore,Drizzle,33.13,32.68,38,997,14.01,7064,24.90,-57.18,168.93,2.48,324
Thu May 14 16:58:51 2026,1778758131.8166904,Bangalore,Drizzle,33.0,34.17,40,996,13.73,7207,23.81,-55.99,89.1,2.45,328
Thu May 14 16:59:52 2026,1778758192.5966904,Bangalore,Drizzle,33.04,32.57,39,997,13.53,7041,22.70,-62.86,326.78,2.42,332
Thu May 14 17:00:57 2026,1778758257.2466905,Bangalore,Drizzle,32.78,33.74,39,996,13.34,6996,21.58,-64.48,551.78,2.39,336
Thu May 14 17:01:57 2026,1778758317.4866903,Bangalore,Drizzle,32.83,33.17,37,996,13.43,7124,20.48,-64.03,423.13,2.36,340
Thu May 14 17:03:01 2026,1778758381.8266904,Bangalore,Drizzle,32.84,33.52,39,997,13.59,7286,19.36,-59.85,148.18,2.62,344
Thu May 14 17:04:04 2026,1778758444.3566904,Bangalore,Drizzle,32.56,33.97,41,997,13.49,7109,18.24,-61.71,292.4,2.88,348
Thu May 14 17:05:05 2026,1778758505.1966903,Bangalore,Drizzle,32.84,33.17,39,997,13.38,7162,17.14,-64.24,145.96,2.85,352
Thu May 14 17:06:03 2026,1778758563.3966904,Bangalore,Drizzle,32.77,32.66,41,998,13.39,7149,16.05,-62.46,711.73,2.82,356
Thu May 14 17:07:07 2026,1778758627.9866903,Bangalore,Drizzle,32.65,33.96,42,998,13.61,7195,14.92,-62.76,328.25,2.79,360
Thu May 14 17:08:06 2026,1778758686.3266902,Bangalore,Drizzle,32.49,33.24,44,998,13.8,7099,13.83,-57.08,278.95,2.75,364
Thu May 14 17:09:09 2026,1778758749.7166903,Bangalore,Drizzle,32.57,33.35,45,997,13.55,6977,12.72,-60.77,494.25,2.72,368
Thu May 14 17:10:07 2026,1778758807.9166903,Bangalore,Drizzle,32.47,32.17,43,996,13.65,7133,11.62,-60.15,509.38,2.7,372
Thu May 14 17:11:12 2026,1778758872.7466905,Bangalore,Drizzle,32.24,32.44,43,996,13.92,7218,10.50,-58.16,379.72,2.67,376
Thu May 14 17:12:13 2026,1778758933.8666902,Bangalore,Drizzle,32.54,33.94,41,996,14.17,7132,9.39,-57.59,116.16,2.9,380
Thu May 14 17:13:13 2026,1778758993.0566902,Bangalore,Drizzle,32.79,33.48,41,995,14.09,7124,8.30,-56.12,525.17,2.87,384
Thu May 14 17:14:12 2026,1778759052.9866903,Bangalore,Drizzle,32.96,33.98,40,996,14.3,7136,7.20,-58.92,250.61,2.84,388
Thu May 14 17:15:14 2026,1778759114.7566905,Bangalore,Drizzle,32.77,33.93,40,996,14.21,7046,6.09,-56.23,164.95,2.81,392
Thu May 14 17:16:15 2026,1778759175.0566902,Bangalore,Drizzle,32.82,33.81,39,996,14.47,6848,4.99,-59.56,64.7,2.78,396
Thu May 14 17:17:19 2026,1778759239.16669,Bangalore,Drizzle,32.96,33.41,38,995,14.43,7043,3.87,-63.16,743.83,2.76,400
Thu May 14 17:18:23 2026,1778759303.5766902,Bangalore,Drizzle,33.16,33.37,38,996,14.4,7067,2.75,-60.92,184.52,2.73,404
Thu May 14 17:19:26 2026,1778759366.9566903,Bangalore,Drizzle,33.05,32.61,36,997,14.36,6908,1.63,-59.66,139.24,2.7,408
Thu May 14 17:20:28 2026,1778759428.0666902,Bangalore,Drizzle,32.83,32.5,38,996,14.47,6903,0.52,-59.81,283.26,2.68,412
Thu May 14 17:21:26 2026,1778759486.5366902,Bangalore,Drizzle,32.81,33.17,36,996,14.32,6709,100.00,-60.82,208.12,2.89,416
Thu May 14 17:22:31 2026,1778759551.3666902,Bangalore,Drizzle,32.91,33.88,34,996,14.17,6754,98.88,-59.1,210.34,2.86,420
Thu May 14 17:23:32 2026,1778759612.2666905,Bangalore,Drizzle,33.1,33.03,35,996,14.0,6867,97.77,-58.32,543.64,2.84,424
Thu May 14 17:24:36 2026,1778759676.9966905,Bangalore,Drizzle,33.09,34.34,34,995,14.2,7057,96.65,-59.42,154.04,2.81,428
Thu May 14 17:25:35 2026,1778759735.0066905,Bangalore,Drizzle,33.32,34.61,33,995,14.36,7083,95.56,-63.79,58.89,2.78,432
Thu May 14 17:26:37 2026,1778759797.1366904,Bangalore,Drizzle,33.22,33.46,34,996,14.31,6888,94.45,-56.82,744.02,2.76,436
Thu May 14 17:27:36 2026,1778759856.7366903,Bangalore,Clear,33.37,33.45,32,995,14.31,6733,93.35,-58.71,594.55,2.73,440
Thu May 14 17:28:37 2026,1778759917.8566902,Bangalore,Clear,33.11,34.41,34,996,14.55,6798,92.24,-60.35,531.39,2.71,444
Thu May 14 17:29:42 2026,1778759982.5566902,Bangalore,Clear,32.94,33.14,32,997,14.56,6921,91.12,-57.76,290.65,2.91,448
Thu May 14 17:30:46 2026,1778760046.2166903,Bangalore,Clear,33.01,33.81,30,998,14.84,6746,90.00,-63.81,559.19,2.88,452
Thu May 14 17:31:45 2026,1778760105.3066902,Bangalore,Clear,33.26,33.82,31,999,14.59,6762,88.91,-62.92,385.23,2.86,456
Mon Jun  8 23:16:51 2026,1780940811.9034646,Bangalore,Clouds,23.07,23.6,83,1012,12.52,10000,99.4,-54.65,382.7,0.0,2
Mon Jun  8 23:17:52 2026,1780940872.983346,Bangalore,Clouds,23.07,23.6,83,1012,12.52,10000,97.99,-60.84,1153.82,0.0,6
Mon Jun  8 23:18:54 2026,1780940934.2982697,Bangalore,Clouds,23.07,23.6,83,1012,12.52,10000,96.69,-57.87,433.45,0.0,9
Mon Jun  8 23:19:52 2026,1780940992.7610557,Bangalore,Clouds,23.07,23.6,83,1012,12.52,10000,95.29,-65.83,61.46,0.0,13
Mon Jun  8 23:30:02 2026,1780941602.4842281,Bangalore,Clouds,22.66,23.17,84,1012,12.52,10000,99.4,-57.17,992.78,0.0,1
Mon Jun  8 23:31:01 2026,1780941661.4604514,Bangalore,Clouds,22.66,23.17,84,1012,12.52,10000,97.99,-61.02,1019.82,0.0,4
Mon Jun  8 23:32:02 2026,1780941722.6966465,Bangalore,Clouds,22.66,23.17,84,1012,12.52,10000,96.58,-61.43,1056.79,0.0,8
Fri Jun 12 21:30:18 2026,1781280018.3894968,Bangalore,Rain,22.07,22.6,87,1013,6.71,10000,99.4,-62.12,36.3,0.0,2
Fri Jun 12 21:31:15 2026,1781280075.169656,Bangalore,Rain,22.23,22.86,90,1013,6.71,10000,97.99,-58.48,190.11,0.0,6
Fri Jun 12 21:32:14 2026,1781280134.776139,Bangalore,Rain,22.23,22.86,90,1013,6.71,10000,96.69,-58.47,176.9,0.0,9
Sat Jun 13 23:39:28 2026,1781374168.3939748,Bangalore,Clouds,21.88,22.47,90,1012,4.33,10000,99.4,-57.36,1027.49,0.0,2
Sat Jun 13 23:40:27 2026,1781374227.11956,Bangalore,Clouds,21.88,22.47,90,1012,4.33,10000,98.0,-61.48,707.7,0.0,6
Sat Jun 13 23:41:26 2026,1781374286.488671,Bangalore,Clouds,21.88,22.47,90,1012,4.33,10000,96.69,-59.33,89.83,0.0,9
Sat Jun 13 23:43:27 2026,1781374407.5136633,Bangalore,Clouds,21.88,22.47,90,1012,4.33,10000,93.88,-61.45,622.31,0.0,16
